premise_id,created_date,premise_house_num,premise_street,premise_house_supp,premise_city,premise_zip,premise_region
PREM-48291036,2016-05-06,82926,Oakridge Lane,,North Melissaton,58291,NY
PREM-59128407,2016-05-06,527,Mapleview Drive,Estates,South April,74920,NY
PREM-30847195,2016-05-06,4675,Pinecrest Road,,North Melindaland,10643,NY
PREM-76209413,2016-05-06,382,Willow Bend Street,Knoll,Melendezside,96415,NY
PREM-10492857,2016-05-06,805,Cedarbrook Avenue,,Daltonhaven,57864,NY
PREM-83926514,2016-05-06,961,Birchwood Court,Crest,Port Eric,82395,NY
PREM-27540198,2016-05-06,4765,Highland Terrace,Lake,New Stephenville,49162,NY
PREM-69023784,2016-05-06,233,Riverstone Lane,,New Erinville,36041,NY
PREM-15492837,2016-05-06,63,Sunset Ridge Drive,,Port Nicole,70695,NY
PREM-48176029,2016-05-06,7387,Lakeshore Boulevard,Ports,Williamsberg,25830,NY
PREM-93047182,2016-05-06,4235,Hillcrest Avenue,Square,West Amyview,81974,NY
PREM-57281049,2016-05-06,1047,Meadowbrook Road,Mill,Port Olivia,14796,NY
PREM-31490528,2016-05-06,1504,Forest Glen Drive,,Traviston,60438,NY
PREM-84621073,2016-05-06,1086,Silverleaf Court,Burgs,East Brianna,93527,NY
PREM-60573918,2016-05-06,24396,Redwood Street,Brook,South Christinabury,71294,NY
PREM-21748056,2016-05-06,18389,Autumn Ridge Lane,,Lake Katieton,58971,NY
PREM-93816520,2016-05-06,755,Whispering Pines Drive,,Hughesburgh,27846,NY
PREM-46029781,2016-05-06,268,Broadmoor Avenue,Mountain,West Glennport,64028,NY
PREM-72190438,2016-05-06,579,Golden Meadow Road,,Charlesstad,85709,NY
PREM-58301749,2016-05-06,28879,Prairie View Drive,,New John,13285,NY
PREM-40982136,2016-05-06,3678,Brookstone Lane,Extension,South Jerome,59247,NY
PREM-67205914,2016-05-06,90,Valley Crest Drive,Road,Lake Connor,78451,NY
PREM-31847025,2016-05-06,38651,Canyon Ridge Road,,Port Marcus,36187,NY
PREM-90523618,2016-05-06,40376,Elmwood Street,Grove,Hensonland,69852,NY
PREM-14286709,2016-05-06,601,Timberline Drive,Inlet,Leahborough,94076,NY
PREM-68729415,2016-05-06,8756,Creekside Court,,South Tina,52764,NY
PREM-52498173,2016-05-06,22578,Snowberry Lane,Grove,West Mikebury,76839,NY
PREM-39061728,2016-05-06,9110,Bluebird Way,,New Katherinemouth,40596,NY
PREM-74820519,2016-05-06,10139,Springwater Drive,,West Ashleyside,29651,NY
PREM-85691324,2016-05-06,7314,Wildflower Road,Springs,New Kendrachester,67328,NY
PREM-21394057,2016-05-06,18618,Cottonwood Lane,Villages,New Matthew,89470,NY
PREM-46958032,2016-05-06,24,Sunnybrook Drive,Meadows,New Julieton,14598,NY
PREM-58213490,2016-05-06,295,Hickory Ridge Road,Mills,Jamesbury,50176,NY
PREM-31749862,2016-05-06,642,Pleasant Valley Drive,,West Donald,78326,NY
PREM-94062718,2016-05-06,681,Morningstar Lane,Mission,Courtneymouth,36249,NY
PREM-10538279,2016-05-06,60627,Greenbriar Court,Neck,New Ravenfurt,69750,NY
PREM-73601482,2016-05-06,8754,Misty Hollow Drive,Ports,Gonzalezmouth,93012,NY
PREM-49178520,2016-05-06,94599,Magnolia Circle,Way,Hardyfort,51870,NY
PREM-62830941,2016-05-06,853,Aspen View Drive,Cove,New Stacy,76481,NY
PREM-37482096,2016-05-06,1556,Stonegate Road,,Jeffshire,40958,NY
PREM-81942750,2016-05-06,1957,Harvest Lane,Mountains,Tylerborough,28460,NY
PREM-20395816,2016-05-06,1556,Shady Grove Street,Rapid,Churchmouth,67514,NY
PREM-56742039,2016-05-06,1528,Rolling Hills Drive,Isle,Davidside,89246,NY
PREM-39271864,2016-05-06,13936,Windmill Court,Causeway,Brooksland,14072,NY
PREM-74105829,2016-05-06,69814,Clearwater Drive,Union,Melindaburgh,59907,NY
PREM-60847231,2016-05-06,107,Fox Run Road,,Shawnfort,82153,NY
PREM-21530948,2016-05-06,61490,Silver Creek Lane,Glens,North Samantha,38709,NY
PREM-89361742,2016-05-06,6376,Amberwood Street,Fork,Port Ericafort,74691,NY
PREM-43029857,2016-05-06,965,Briarwood Drive,Groves,North Carolyn,91358,NY
PREM-57649108,2016-05-06,64485,Sandstone Avenue,Forge,West Mark,41096,NY
PREM-30928416,2016-05-06,2143,Juniper Road,Fort,North Jenniferberg,27948,NY
PREM-65472103,2016-05-06,18778,Sycamore Street,,Davidburgh,64807,NY
PREM-19248576,2016-05-06,613,Rosewood Lane,,Lopezland,86794,NY
PREM-87503921,2016-05-06,43152,Crimson Leaf Drive,Stream,West Samanthaburgh,13079,NY
PREM-40861735,2016-05-06,1244,Riverbend Road,Fields,Lake Lauramouth,50738,NY
PREM-62319847,2016-05-06,8340,Bayshore Avenue,,East Matthewport,78265,NY
PREM-34157029,2016-05-06,2116,Mossy Oak Lane,,Port Jenniferbury,36194,NY
PREM-79042618,2016-05-06,236,Goldenleaf Drive,,Williamsside,69031,NY
PREM-15693824,2016-05-06,185,Pine Canyon Road,Keys,South Matthewside,93421,NY
PREM-48261395,2016-05-06,54439,Sapphire Ridge Drive,,Marquezberg,52078,NY
PREM-90573812,2016-05-06,10,Willow Creek Lane,Corners,Vickistad,76935,NY
PREM-31754908,2016-05-06,71907,Ironwood Street,Turnpike,North Jamesshire,40287,NY
PREM-68214093,2016-05-06,107,Stonemill Road,Land,Lloydborough,29861,NY
PREM-57420936,2016-05-06,66380,Eagle Ridge Drive,Path,Port Brianna,67195,NY
PREM-21387954,2016-05-06,337,Hunters Trail Lane,Flat,Rebeccahaven,89647,NY
PREM-49821637,2016-05-06,164,Summerfield Drive,Underpass,South Cherylview,14927,NY
PREM-63109425,2016-05-06,7297,Northgate Road,,Michelleville,59360,NY
PREM-37058149,2016-05-06,52698,Southridge Drive,,Michaeltown,82931,NY
PREM-85920413,2016-05-06,42325,Eastwood Lane,Spurs,Jodishire,37495,NY
PREM-20479568,2016-05-06,995,Westhaven Drive,Crossing,South Laura,75280,NY
PREM-76813042,2016-05-06,84372,Mountain View Road,Corners,Timothyview,91526,NY
PREM-43509217,2016-05-06,3472,Crown Point Drive,Coves,Martinstad,41860,NY
PREM-59271804,2016-05-06,96541,Hidden Valley Lane,Square,Morganfort,27359,NY
PREM-31046829,2016-05-06,456,Maple Bend Street,Glen,Kennethport,64572,NY
PREM-67423981,2016-05-06,1598,Woodland Ridge Drive,Ville,Jessicaport,86294,NY
PREM-14852730,2016-05-06,5925,Dove Creek Road,Plain,Huangside,13548,NY
PREM-80731629,2016-05-06,1990,Fernwood Lane,,Kellyfort,50397,NY
PREM-26309457,2016-05-06,290,Orchard Hill Drive,Way,Greerside,78912,NY
PREM-94075218,2016-05-06,1547,Lakeview Terrace,Skyway,New Erinport,36974,NY
PREM-51739402,2016-05-06,25990,Greenfield Drive,Ranch,Maryburgh,69285,NY
PREM-38260147,2016-05-06,750,Sunnyside Road,Landing,Lake Anthony,93706,NY
PREM-76984510,2016-05-06,74464,Crestwood Avenue,,Lake Josephstad,52603,NY
PREM-42903718,2016-05-06,1060,Shadowbrook Lane,Union,West Christopherberg,76394,NY
PREM-85621039,2016-05-06,984,Falling Waters Drive,Summit,South Tony,40813,NY
PREM-19347860,2016-05-06,674,Blue Ridge Road,,West Destinybury,28760,NY
PREM-60498127,2016-05-06,720,Wildwood Lane,,Robbinsshire,67841,NY
PREM-27594018,2016-05-06,80316,Cardinal Drive,Hills,Port Paul,89570,NY
PREM-93047156,2016-05-06,538,Pecan Grove Road,,Gonzalezport,14096,NY
PREM-14862579,2016-05-06,81496,Cedar Hollow Drive,,North Cristina,59648,NY
PREM-58231704,2016-05-06,14625,Woodlawn Avenue,,Ryanburgh,82369,NY
PREM-40196825,2016-05-06,940,Broadview Road,Grove,West Cody,38605,NY
PREM-73604281,2016-05-06,719,Autumn View Drive,Ports,Choiside,74150,NY
PREM-25938410,2016-05-06,51097,Silver Oak Lane,Hollow,New Edwinshire,91820,NY
PREM-68915742,2016-05-06,92764,Sunrise Valley Drive,Locks,Port Pamela,41503,NY
PREM-31497085,2016-05-06,5548,Meadowlark Road,,Jacquelineton,27845,NY
PREM-90527136,2016-05-06,802,Briar Patch Lane,Key,North Mark,64930,NY
PREM-47263180,2016-05-06,945,Fox Hollow Drive,Mission,West Robert,86721,NY
PREM-15089342,2016-05-06,171,Stonebridge Street,,Myerstown,13492,NY
PREM-68750291,2016-05-06,4075,Lone Pine Road,Underpass,West Sarah,51263,NY
PREM-23841705,2016-05-06,64703,Gentle Brook Lane,,South Andrew,79380,NY
PREM-84190562,2016-05-06,26158,Brookhaven Drive,,East Rebecca,35247,NY
PREM-39624817,2016-05-06,641,Willow Trace Road,Brooks,Jasonfurt,68139,NY
PREM-75210384,2016-05-06,748,Cedar Creek Lane,Roads,North Aprilborough,93074,NY
PREM-41568927,2016-05-06,44700,Valley View Drive,,West Sandra,52491,NY
PREM-62319408,2016-05-06,17668,Sunbrook Court,Junction,West Nicholas,76905,NY
PREM-30147865,2016-05-06,634,Oak Meadow Lane,,Willisport,40768,NY
PREM-89025613,2016-05-06,55807,Hidden Creek Road,Union,Goodville,29183,NY
PREM-54781209,2016-05-06,7274,Falcon Ridge Drive,Lake,Matthewview,67502,NY
PREM-13296478,2016-05-06,5605,Crescent Hill Lane,Summit,Troyport,89154,NY
PREM-76943012,2016-05-06,9074,Ridgewood Drive,Gateway,Paulshire,14827,NY
PREM-40821597,2016-05-06,1644,Silver Maple Road,Cape,Williammouth,59862,NY
PREM-59308241,2016-05-06,52649,Hilltop Avenue,Unions,East Crystal,82471,NY
PREM-21476930,2016-05-06,124,Sapphire Lane,Fords,South Kenneth,37964,NY
PREM-68052719,2016-05-06,2436,Morning Mist Drive,,Port Richard,75148,NY
PREM-35149087,2016-05-06,70821,Cedar Ridge Road,,West Peter,91782,NY
PREM-97218406,2016-05-06,5545,River Park Drive,Turnpike,West Brenda,41698,NY
PREM-40617395,2016-05-06,9545,Wildflower Court,,Lewisview,27360,NY
PREM-83721049,2016-05-06,93615,Canyon View Lane,Prairie,Laneview,64631,NY
PREM-19508642,2016-05-06,14847,Snowberry Road,,Lake Susan,86205,NY
PREM-57432018,2016-05-06,58743,Brookfield Drive,,Michaelfort,13978,NY
PREM-68249105,2016-05-06,764,Vineyard Lane,Falls,Michaelville,50872,NY
PREM-32075498,2016-05-06,9807,Lighthouse Road,Grove,New Kevin,78216,NY
PREM-95142607,2016-05-06,768,Ocean Breeze Drive,,New Vincenttown,36085,NY
PREM-47890312,2016-05-06,98563,Harbor View Lane,,Scottview,69530,NY
PREM-63521809,2016-05-06,51473,Pelican Point Drive,Rest,Rossfort,93642,NY
PREM-24956173,2016-05-06,121,Driftwood Court,Rue,Lake Katherine,52896,NY
PREM-80714392,2016-05-06,831,Seaside Boulevard,,Claudialand,76103,NY
PREM-36290518,2016-05-06,94994,Sunset Bay Drive,,Port Randymouth,41287,NY
PREM-79421063,2016-05-06,4037,Coral Ridge Road,Via,West Mary,29856,NY
PREM-41597328,2016-05-06,7360,Palm Crest Lane,Drives,Gregview,67048,NY
PREM-62849103,2016-05-06,473,Tropical Breeze Drive,Meadows,Kennethmouth,89421,NY
PREM-30185247,2016-05-06,263,Mariner's Cove Road,,West Tarahaven,14256,NY
PREM-85694017,2016-05-06,1937,Harbor Lane,,South Brandonfurt,59781,NY
PREM-27301594,2016-05-06,738,Coral Reef Drive,Pines,Madisonshire,82145,NY
PREM-94162850,2016-05-06,38886,Seaview Avenue,Points,Melindaton,38371,NY
PREM-51730498,2016-05-06,52,Sandy Beach Road,,Amyfort,74521,NY
PREM-38421967,2016-05-06,307,Ocean Crest Drive,Skyway,Griffinburgh,91063,NY
PREM-76253041,2016-05-06,875,Windward Lane,,West Megan,41896,NY
PREM-42918507,2016-05-06,514,Sandpiper Road,,Paulaport,27618,NY
PREM-89564012,2016-05-06,36868,Coastal Ridge Drive,,North Adrianstad,63941,NY
PREM-13607258,2016-05-06,9183,Bluewater Boulevard,,West Patrick,85429,NY
PREM-60497531,2016-05-06,160,Dune Grass Lane,,Port Harold,13150,NY
PREM-28164907,2016-05-06,4125,Starfish Drive,,West Elizabeth,50368,NY
PREM-93740285,2016-05-06,783,Pelican Bay Road,,North Kristinaville,78964,NY
PREM-15208649,2016-05-06,941,Marina Point Drive,,New Marieburgh,36592,NY
PREM-57943128,2016-05-06,5425,Cliffside Lane,Wells,Christinafurt,69748,NY
PREM-40396712,2016-05-06,33738,Beachfront Drive,Trace,Port Amy,94018,NY
PREM-78612035,2016-05-06,99926,Gull Haven Road,Road,West Marybury,57362,NY
PREM-36289407,2016-05-06,98,Palm Grove Drive,Hill,West Matthewfurt,42819,NY
PREM-69501728,2016-05-06,4156,Surfside Boulevard,Cliff,Markchester,61047,NY
PREM-93124650,2016-05-06,54416,Coastline Drive,,South Matthew,89315,NY
PREM-52408319,2016-05-06,901,Bay Breeze Lane,Walk,Port Jenniferville,74186,NY
PREM-76859104,2016-05-06,7913,Sand Dune Road,Fork,Wareside,25039,NY
PREM-41237905,2016-05-06,510,Horizon View Lane,,West Matthew,16284,NY
PREM-29048673,2016-05-06,72602,Meridian Drive,,Guzmanfurt,70593,NY
PREM-67350218,2016-05-06,2975,Compass Point Lane,Path,Butlerstad,84620,NY
PREM-89417502,2016-05-06,3208,Anchorage Road,Park,Rodneyfurt,31907,NY
PREM-14582679,2016-05-06,98884,Portside Drive,Common,Goodwinhaven,58427,NY
PREM-59834201,2016-05-06,70380,Lighthouse Crest Lane,Oval,East Justinport,79651,NY
PREM-82194036,2016-05-06,663,Island View Road,,North Kyle,23490,NY
PREM-37951428,2016-05-06,2287,Shoreline Drive,Parks,East Melissa,67284,NY
PREM-75103649,2016-05-06,17324,Deepwater Lane,,Williamschester,90571,NY
PREM-91728450,2016-05-06,805,Admiral’s Way,,Emmatown,41352,NY
PREM-41609328,2016-05-06,46891,Seafarer Road,,Port Jeffreytown,80294,NY
PREM-27361509,2016-05-06,34572,Old Harbor Lane,,South Holly,56941,NY
PREM-64697230,2016-05-06,6402,Bayview Terrace,Estates,Comptonshire,75820,NY
PREM-86240519,2016-05-06,350,Ocean Mist Drive,,Kellyborough,34109,NY
PREM-13794682,2016-05-06,644,Crestwind Lane,,East Marytown,62073,NY
PREM-50871329,2016-05-06,7681,Whitecap Road,,East Alicebury,89453,NY
PREM-78264931,2016-05-06,2513,Harbor Breeze Drive,,Lake Ericchester,21536,NY
PREM-36059147,2016-05-06,81,Island Point Road,Expressway,South Anthony,78024,NY
PREM-69503812,2016-05-06,650,Cedar Bluff Drive,,New Meganshire,43968,NY
PREM-93652107,2016-05-06,8223,Village Green Lane,,Port Shaunview,50712,NY
PREM-52894136,2016-05-06,42849,Homestead Road,,Maryshire,93251,NY
PREM-76103492,2016-05-06,9104,Old Mill Drive,,Andersonfort,16490,NY
PREM-41287506,2016-05-06,5177,Iron Horse Road,,South Alicia,58036,NY
PREM-29856147,2016-05-06,65708,Rustic Meadow Lane,Mission,Lake Alyssa,74195,NY
PREM-67048215,2016-05-06,287,Farmstead Drive,Villages,New Bryce,26841,NY
PREM-89421375,2016-05-06,255,Wagonwheel Road,,East Kaitlyn,60357,NY
PREM-14256098,2016-05-06,263,Red Barn Lane,Wall,Kaufmanland,84519,NY
PREM-59781324,2016-05-06,3765,Stablebrook Drive,,North Kevinside,21048,NY
PREM-82145970,2016-05-06,8953,Grainfield Road,Parkways,South Sheena,76948,NY
PREM-38371045,2016-05-06,753,Harvest Bend Lane,,Pattersonchester,32410,NY
PREM-74521869,2016-05-06,9779,Cornflower Drive,Flats,New Genetown,51896,NY
PREM-91063752,2016-05-06,6684,Old Orchard Lane,,Adamsmouth,68704,NY
PREM-41896527,2016-05-06,986,Country Crest Road,,Allenfurt,95031,NY
PREM-27618493,2016-05-06,767,Hayfield Drive,Fort,Port Christina,47285,NY
PREM-63941287,2016-05-06,40,Millhouse Lane,,New Virginiahaven,63159,NY
PREM-85429160,2016-05-06,87076,Barnwood Road,,Hudsonshire,20863,NY
PREM-48291036,2016-05-06,267,Shepherd’s Path,Centers,New Ronald,79420,NY
PREM-59128407,2016-05-06,94786,Orchard View Drive,,Kingville,35691,NY
PREM-30847195,2016-05-06,8970,Wild Apple Lane,,Christophershire,68275,NY
PREM-76209413,2016-05-06,730,Pasture Ridge Drive,Ville,Ramosborough,91537,NY
PREM-10492857,2016-05-06,373,Fieldstone Road,River,Kimborough,47052,NY
PREM-83926514,2016-05-06,1972,Green Acres Lane,Rue,Rachaelfort,53892,NY
PREM-27540198,2016-05-06,3661,Old Country Road,,North Kathleen,62419,NY
PREM-69023784,2016-05-06,268,Harvest View Drive,Centers,East Jessica,79083,NY
PREM-15492837,2016-05-06,3406,Sunny Fields Lane,,West Aimeehaven,45120,NY
PREM-48176029,2016-05-06,1611,Golden Corn Lane,,Smithtown,69801,NY
PREM-93047182,2016-05-06,82486,Red Fox Road,Mall,Port Amybury,24739,NY
PREM-57281049,2016-05-06,5335,Thicket Grove Lane,Lane,Port Teresa,17584,NY
PREM-31490528,2016-05-06,702,Forest Trail Road,,Port Spencerstad,80213,NY
PREM-84621073,2016-05-06,996,Deep Woods Drive,,East Cesar,95384,NY
PREM-60573918,2016-05-06,5409,Winterberry Way,,Brownfort,64053,NY
PREM-21748056,2016-05-06,5345,Black Bear Road,,West Jennifer,52801,NY
PREM-93816520,2016-05-06,76194,Fawn Meadow Lane,Lane,Jennifershire,31675,NY
PREM-46029781,2016-05-06,177,Oakridge Lane,Ferry,Garcialand,78019,NY
PREM-72190438,2016-05-06,192,Mapleview Drive,,Jamesbury,49268,NY
PREM-58301749,2016-05-06,48413,Pinecrest Road,Plains,Montgomerybury,86140,NY
PREM-40982136,2016-05-06,2222,Willow Bend Street,Crossing,Wilsonbury,35017,NY
PREM-67205914,2016-05-06,51620,Cedarbrook Avenue,,Craigshire,71925,NY
PREM-31847025,2016-05-06,9309,Birchwood Court,,South Erica,40527,NY
PREM-90523618,2016-05-06,4614,Highland Terrace,,Mccoyport,93801,NY
PREM-14286709,2016-05-06,41780,Riverstone Lane,Motorway,Rachelmouth,56743,NY
PREM-68729415,2016-05-06,4630,Sunset Ridge Drive,Shores,New Josephhaven,82039,NY
PREM-52498173,2016-05-06,8324,Lakeshore Boulevard,,Erikaview,29375,NY
PREM-39061728,2016-05-06,889,Hillcrest Avenue,Vista,Leeborough,61092,NY
PREM-74820519,2016-05-06,8905,Meadowbrook Road,Wall,Michaelville,75408,NY
PREM-85691324,2016-05-06,938,Forest Glen Drive,Cliffs,Scottstad,14986,NY
PREM-21394057,2016-05-06,1418,Silverleaf Court,,Arielfort,58240,NY
PREM-46958032,2016-05-06,4862,Redwood Street,,North Thomasburgh,76192,NY
PREM-58213490,2016-05-06,89442,Autumn Ridge Lane,,Wilcoxmouth,43085,NY
PREM-31749862,2016-05-06,805,Whispering Pines Drive,,Flemington,69852,NY
PREM-94062718,2016-05-06,482,Broadmoor Avenue,Green,Tracyberg,24751,NY
PREM-10538279,2016-05-06,1771,Golden Meadow Road,,North Meganmouth,90314,NY
PREM-73601482,2016-05-06,244,Prairie View Drive,Mews,Shawtown,56827,NY
PREM-49178520,2016-05-06,427,Brookstone Lane,Brook,New Stephanie,81492,NY
PREM-62830941,2016-05-06,505,Valley Crest Drive,Roads,Port Kathryn,39276,NY
PREM-37482096,2016-05-06,87561,Canyon Ridge Road,,Guzmanberg,67518,NY
PREM-81942750,2016-05-06,81303,Elmwood Street,Track,Sarastad,25961,NY
PREM-20395816,2016-05-06,687,Timberline Drive,Center,Hannahburgh,70834,NY
PREM-56742039,2016-05-06,801,Creekside Court,Loaf,East Mikaylamouth,94127,NY
PREM-39271864,2016-05-06,435,Snowberry Lane,Trail,New Cynthiaberg,52647,NY
PREM-74105829,2016-05-06,6278,Bluebird Way,,Port Robertberg,31978,NY
PREM-60847231,2016-05-06,8149,Springwater Drive,Glen,South John,76405,NY
PREM-21530948,2016-05-06,65,Wildflower Road,River,Stricklandchester,40729,NY
PREM-89361742,2016-05-06,77087,Cottonwood Lane,Dam,Daniellemouth,29164,NY
PREM-43029857,2016-05-06,856,Sunnybrook Drive,Plain,South Kelly,68253,NY
PREM-57649108,2016-05-06,5124,Hickory Ridge Road,Plaza,Frankland,89521,NY
PREM-30928416,2016-05-06,274,Pleasant Valley Drive,Radial,Jamieborough,14380,NY
PREM-65472103,2016-05-06,93381,Morningstar Lane,Haven,Shaneton,50794,NY
PREM-19248576,2016-05-06,24734,Greenbriar Court,Corner,Port Anthonystad,71863,NY
PREM-87503921,2016-05-06,79824,Misty Hollow Drive,,Lake Richard,25607,NY
PREM-40861735,2016-05-06,366,Magnolia Circle,Road,East Robert,60314,NY
PREM-62319847,2016-05-06,551,Aspen View Drive,Mission,Whiteland,84975,NY
PREM-34157029,2016-05-06,741,Stonegate Road,Valleys,East Marieview,12058,NY
PREM-79042618,2016-05-06,86530,Harvest Lane,Island,Ericamouth,76952,NY
PREM-15693824,2016-05-06,63419,Shady Grove Street,Valley,Stephensland,34801,NY
PREM-48261395,2016-05-06,64064,Rolling Hills Drive,Keys,Colemantown,51674,NY
PREM-90573812,2016-05-06,5296,Windmill Court,Vista,South Rodney,69805,NY
PREM-31754908,2016-05-06,136,Clearwater Drive,,Jamesfurt,40721,NY
PREM-68214093,2016-05-06,97984,Fox Run Road,Islands,North Alexis,28973,NY
PREM-57420936,2016-05-06,94631,Silver Creek Lane,,Trujilloport,67201,NY
PREM-21387954,2016-05-06,4970,Amberwood Street,Plaza,West Heather,89136,NY
PREM-49821637,2016-05-06,4558,Briarwood Drive,Place,New Brittanymouth,14507,NY
PREM-63109425,2016-05-06,65846,Sandstone Avenue,Ferry,Christinaborough,59623,NY
PREM-37058149,2016-05-06,62496,Juniper Road,,East Shannon,82357,NY
PREM-85920413,2016-05-06,740,Sycamore Street,,Mackenziebury,38194,NY
PREM-20479568,2016-05-06,3941,Rosewood Lane,Lock,Melindamouth,74205,NY
PREM-76813042,2016-05-06,8098,Crimson Leaf Drive,Cliffs,Lake Melissabury,91843,NY
PREM-43509217,2016-05-06,960,Riverbend Road,Dam,Lake Teresafurt,41602,NY
PREM-59271804,2016-05-06,69230,Bayshore Avenue,Terrace,Smithside,27385,NY
PREM-31046829,2016-05-06,864,Mossy Oak Lane,Mountain,South Michael,64982,NY
PREM-67423981,2016-05-06,73893,Goldenleaf Drive,,North John,86705,NY
PREM-14852730,2016-05-06,5157,Pine Canyon Road,,North Victoriabury,13942,NY
PREM-80731629,2016-05-06,787,Sapphire Ridge Drive,Rest,East Lindsayville,50817,NY
PREM-26309457,2016-05-06,151,Willow Creek Lane,Expressway,Harttown,78243,NY
PREM-94075218,2016-05-06,83138,Ironwood Street,Expressway,Lisamouth,36915,NY
PREM-51739402,2016-05-06,452,Stonemill Road,Tunnel,Kathyhaven,69240,NY
PREM-38260147,2016-05-06,317,Eagle Ridge Drive,Landing,Elizabethhaven,93478,NY
PREM-76984510,2016-05-06,22776,Hunters Trail Lane,,West Eduardo,52619,NY
PREM-42903718,2016-05-06,18260,Summerfield Drive,Run,Bobbymouth,76301,NY
PREM-85621039,2016-05-06,804,Northgate Road,Route,Stephaniemouth,40826,NY
PREM-19347860,2016-05-06,4227,Southridge Drive,Road,Lake Jennifer,28795,NY
PREM-60498127,2016-05-06,8,Eastwood Lane,Lakes,North Samanthashire,67859,NY
PREM-27594018,2016-05-06,2237,Westhaven Drive,Club,North Krista,89534,NY
PREM-93047156,2016-05-06,665,Mountain View Road,Spurs,East Kimberly,14058,NY
PREM-14862579,2016-05-06,4883,Crown Point Drive,,Emilyfort,59692,NY
PREM-58231704,2016-05-06,58211,Hidden Valley Lane,Pike,West Thomas,82017,NY
PREM-40196825,2016-05-06,6618,Maple Bend Street,Mount,Burnsshire,38571,NY
PREM-73604281,2016-05-06,9488,Woodland Ridge Drive,,East Monica,74598,NY
PREM-25938410,2016-05-06,9644,Dove Creek Road,Hill,Michaelhaven,91057,NY
PREM-68915742,2016-05-06,53,Fernwood Lane,Light,East David,41822,NY
PREM-31497085,2016-05-06,9284,Orchard Hill Drive,,North Stephen,27634,NY
PREM-90527136,2016-05-06,2903,Lakeview Terrace,Lodge,East Davidstad,63978,NY
PREM-47263180,2016-05-06,2153,Greenfield Drive,Throughway,East Laurenview,85412,NY
PREM-15089342,2016-05-06,51,Sunnyside Road,Streets,Thomasville,13074,NY
PREM-68750291,2016-05-06,274,Crestwood Avenue,Street,New Kelsey,50312,NY
PREM-23841705,2016-05-06,4311,Shadowbrook Lane,,West Jenna,78930,NY
PREM-84190562,2016-05-06,871,Falling Waters Drive,Burg,Clarkville,36574,NY
PREM-39624817,2016-05-06,2213,Blue Ridge Road,,West Laurenhaven,69702,NY
PREM-75210384,2016-05-06,5649,Wildwood Lane,,Port Charles,94057,NY
PREM-41568927,2016-05-06,267,Cardinal Drive,,Lake Hectorberg,52837,NY
PREM-62319408,2016-05-06,1442,Pecan Grove Road,,Harrisville,76149,NY
PREM-30147865,2016-05-06,3426,Cedar Hollow Drive,Brooks,New Traceyview,41205,NY
PREM-89025613,2016-05-06,421,Woodlawn Avenue,,Cliffordtown,29847,NY
PREM-54781209,2016-05-06,56177,Broadview Road,,Matthewmouth,67012,NY
PREM-13296478,2016-05-06,61409,Autumn View Drive,,Camposville,89468,NY
PREM-76943012,2016-05-06,6373,Silver Oak Lane,,East Edward,14273,NY
PREM-40821597,2016-05-06,8391,Sunrise Valley Drive,Burg,South Jenniferstad,59730,NY
PREM-59308241,2016-05-06,82862,Meadowlark Road,,Lake Patrickfort,82169,NY
PREM-21476930,2016-05-06,554,Briar Patch Lane,,East Stephanieville,38325,NY
PREM-68052719,2016-05-06,54,Fox Hollow Drive,,Johnmouth,74560,NY
PREM-35149087,2016-05-06,91837,Stonebridge Street,,Boyerside,91028,NY
PREM-97218406,2016-05-06,39551,Lone Pine Road,Walks,Dannyfort,41854,NY
PREM-40617395,2016-05-06,310,Gentle Brook Lane,,Lake Mark,27695,NY
PREM-83721049,2016-05-06,2057,Brookhaven Drive,,West Christopherville,63904,NY
PREM-19508642,2016-05-06,8299,Willow Trace Road,Plains,Bishopmouth,85460,NY
PREM-57432018,2016-05-06,2036,Cedar Creek Lane,,Davidborough,13198,NY
PREM-68249105,2016-05-06,84390,Valley View Drive,Trail,Lake Grant,50345,NY
PREM-32075498,2016-05-06,55,Sunbrook Court,,Kimberlyland,78985,NY
PREM-95142607,2016-05-06,20579,Oak Meadow Lane,Roads,Brandonchester,36508,NY
PREM-47890312,2016-05-06,3218,Hidden Creek Road,Mission,North Stephen,69791,NY
PREM-63521809,2016-05-06,63197,Falcon Ridge Drive,,Gregoryshire,94005,NY
PREM-24956173,2016-05-06,72829,Crescent Hill Lane,,Port Saraport,52810,NY
PREM-80714392,2016-05-06,315,Ridgewood Drive,,North Amytown,76182,NY
PREM-36290518,2016-05-06,8251,Silver Maple Road,,Moralesfurt,41239,NY
PREM-79421063,2016-05-06,38549,Hilltop Avenue,,Howardview,29803,NY
PREM-41597328,2016-05-06,8826,Sapphire Lane,Crossroad,Hernandezfurt,67095,NY
PREM-62849103,2016-05-06,56274,Morning Mist Drive,Vista,Davidview,89402,NY
PREM-30185247,2016-05-06,758,Cedar Ridge Road,,Port Randall,14215,NY
PREM-85694017,2016-05-06,87856,River Park Drive,,Andersonfurt,59794,NY
PREM-27301594,2016-05-06,448,Wildflower Court,Fort,Wadeside,82103,NY
PREM-94162850,2016-05-06,3844,Canyon View Lane,Spurs,North Brendashire,38369,NY
PREM-51730498,2016-05-06,276,Snowberry Road,Overpass,Mistyhaven,74504,NY
PREM-38421967,2016-05-06,5160,Brookfield Drive,,Macdonaldstad,91012,NY
PREM-76253041,2016-05-06,10531,Vineyard Lane,,South Sierraborough,41878,NY
PREM-42918507,2016-05-06,2551,Lighthouse Road,Estates,South Rachel,27658,NY
PREM-89564012,2016-05-06,20469,Ocean Breeze Drive,,New Rodneyfurt,63990,NY
PREM-13607258,2016-05-06,251,Harbor View Lane,,Graceshire,85473,NY
PREM-60497531,2016-05-06,1407,Pelican Point Drive,Springs,South Chad,13126,NY
PREM-28164907,2016-05-06,993,Driftwood Court,,Garciaton,50389,NY
PREM-93740285,2016-05-06,559,Seaside Boulevard,Ports,Port Tonimouth,78957,NY
PREM-15208649,2016-05-06,487,Sunset Bay Drive,,South Lance,58291,NY
PREM-57943128,2016-05-06,16782,Coral Ridge Road,Plains,Ramosville,74920,NY
PREM-40396712,2016-05-06,5171,Palm Crest Lane,Branch,Marcchester,10643,NY
PREM-78612035,2016-05-06,61681,Tropical Breeze Drive,,West Destiny,96415,NY
PREM-36289407,2016-05-06,92735,Mariner's Cove Road,Port,Lake Peter,57864,NY
PREM-69501728,2016-05-06,355,Harbor Lane,,Troymouth,82395,NY
PREM-93124650,2016-05-06,986,Coral Reef Drive,,Troyview,49162,NY
PREM-52408319,2016-05-06,1539,Seaview Avenue,,Timothyfurt,36041,NY
PREM-76859104,2016-05-06,199,Sandy Beach Road,,East Sheritown,70695,NY
PREM-41237905,2016-05-06,21614,Ocean Crest Drive,,Holderton,25830,NY
PREM-29048673,2016-05-06,67301,Windward Lane,Walks,Wilsonville,81974,NY
PREM-67350218,2016-05-06,817,Sandpiper Road,Drives,Port Charlesmouth,14796,NY
PREM-89417502,2016-05-06,8325,Coastal Ridge Drive,Extension,East Patrickborough,60438,NY
PREM-14582679,2016-05-06,4587,Bluewater Boulevard,,Michellefurt,93527,NY
PREM-59834201,2016-05-06,4689,Dune Grass Lane,Drive,Port Jonathanborough,71294,NY
PREM-82194036,2016-05-06,285,Starfish Drive,Hollow,Hamiltonmouth,58971,NY
PREM-37951428,2016-05-06,13975,Pelican Bay Road,Brooks,East John,27846,NY
PREM-75103649,2016-05-06,599,Marina Point Drive,Estate,Port Bethhaven,64028,NY
PREM-91728450,2016-05-06,49031,Cliffside Lane,,Port Shawnmouth,85709,NY
PREM-41609328,2016-05-06,166,Beachfront Drive,,Lake Kimberly,13285,NY
PREM-27361509,2016-05-06,79175,Gull Haven Road,,Juliafort,59247,NY
PREM-64697230,2016-05-06,32939,Palm Grove Drive,Ville,West Earlchester,78451,NY
PREM-86240519,2016-05-06,2113,Surfside Boulevard,Roads,Michaelhaven,36187,NY
PREM-13794682,2016-05-06,4704,Coastline Drive,,Brendabury,69852,NY
PREM-50871329,2016-05-06,111,Bay Breeze Lane,Land,West Jesseborough,94076,NY
PREM-78264931,2016-05-06,258,Sand Dune Road,,North Gerald,52764,NY
PREM-36059147,2016-05-06,71280,Horizon View Lane,,Maryton,76839,NY
PREM-69503812,2016-05-06,88677,Meridian Drive,,West Thomas,40596,NY
PREM-93652107,2016-05-06,9558,Compass Point Lane,Green,Reynoldsview,29651,NY
PREM-52894136,2016-05-06,980,Anchorage Road,,Lake Bradley,67328,NY
PREM-76103492,2016-05-06,3612,Portside Drive,,Port Sarahbury,89470,NY
PREM-41287506,2016-05-06,72405,Lighthouse Crest Lane,,East Joseph,14598,NY
PREM-29856147,2016-05-06,62054,Island View Road,,Meaganton,50176,NY
PREM-67048215,2016-05-06,15771,Shoreline Drive,,Taylorfort,78326,NY
PREM-89421375,2016-05-06,38999,Deepwater Lane,,Martinview,36249,NY
PREM-14256098,2016-05-06,79046,Admiral’s Way,,North Colleen,69750,NY
PREM-59781324,2016-05-06,44222,Seafarer Road,,Jeremyport,93012,NY
PREM-82145970,2016-05-06,61230,Old Harbor Lane,,Bishophaven,51870,NY
PREM-38371045,2016-05-06,649,Bayview Terrace,,West Davidland,76481,NY
PREM-74521869,2016-05-06,742,Ocean Mist Drive,,Evansville,40958,NY
PREM-91063752,2016-05-06,335,Crestwind Lane,,North Melissa,28460,NY
PREM-41896527,2016-05-06,109,Whitecap Road,Haven,Coxberg,67514,NY
PREM-27618493,2016-05-06,9,Harbor Breeze Drive,Alley,New Steven,89246,NY
PREM-63941287,2016-05-06,9191,Island Point Road,,South Jeffrey,14072,NY
PREM-85429160,2016-05-06,88914,Cedar Bluff Drive,Turnpike,Cathyport,59907,NY
PREM-13150769,2016-05-06,9604,Village Green Lane,,Torreshaven,82153,NY
PREM-50368219,2016-05-06,657,Homestead Road,Isle,Annemouth,38709,NY
PREM-78964021,2016-05-06,695,Old Mill Drive,Village,Port Ashleyberg,74691,NY
PREM-36592074,2016-05-06,80938,Iron Horse Road,Skyway,Port Michelemouth,91358,NY
PREM-69748351,2016-05-06,14,Rustic Meadow Lane,Islands,Lake Grace,41096,NY
PREM-94018675,2016-05-06,425,Farmstead Drive,Plains,North Ashley,27948,NY
PREM-48291036,2016-05-06,507,Wagonwheel Road,,East Charlesbury,64807,NY
PREM-59128407,2016-05-06,295,Red Barn Lane,Ports,Ralphfurt,86794,NY
PREM-30847195,2016-05-06,61386,Stablebrook Drive,,Shawnview,13079,NY
PREM-76209413,2016-05-06,5871,Grainfield Road,,Lake Andrewburgh,50738,NY
PREM-10492857,2016-05-06,6998,Harvest Bend Lane,,North Michael,78265,NY
PREM-83926514,2016-05-06,21466,Cornflower Drive,Spur,West Laura,36194,NY
PREM-27540198,2016-05-06,2225,Old Orchard Lane,,East Melissa,69031,NY
PREM-69023784,2016-05-06,68887,Country Crest Road,Meadows,Larryfurt,93421,NY
PREM-15492837,2016-05-06,21678,Hayfield Drive,,Valerieburgh,52078,NY
PREM-48176029,2016-05-06,15841,Millhouse Lane,Trafficway,Lake Daniel,76935,NY
PREM-93047182,2016-05-06,1609,Barnwood Road,Ville,Port Johntown,40287,NY
PREM-57281049,2016-05-06,1854,Shepherd’s Path,,Lake Alexanderhaven,29861,NY
PREM-31490528,2016-05-06,169,Orchard View Drive,Inlet,Walkerfurt,67195,NY
PREM-84621073,2016-05-06,940,Wild Apple Lane,,Deannabury,89647,NY
PREM-60573918,2016-05-06,60454,Pasture Ridge Drive,Lodge,Bryantville,14927,NY
PREM-21748056,2016-05-06,3468,Fieldstone Road,,Patrickport,59360,NY
PREM-93816520,2016-05-06,6302,Green Acres Lane,,Robertsburgh,82931,NY
PREM-46029781,2016-05-06,870,Old Country Road,Keys,Lake Stephanieview,37495,NY
PREM-72190438,2016-05-06,98696,Harvest View Drive,,North Gary,75280,NY
PREM-58301749,2016-05-06,163,Sunny Fields Lane,Mountains,Lake Dustin,91526,NY
PREM-40982136,2016-05-06,8528,Golden Corn Lane,Terrace,Port Danaville,41860,NY
PREM-67205914,2016-05-06,8119,Red Fox Road,,Lake Curtis,27359,NY
PREM-31847025,2016-05-06,84568,Thicket Grove Lane,,North Crystalborough,64572,NY
PREM-90523618,2016-05-06,78073,Forest Trail Road,Drive,Terrifurt,86294,NY
PREM-14286709,2016-05-06,3822,Deep Woods Drive,Trace,South Garyshire,13548,NY
PREM-68729415,2016-05-06,8846,Winterberry Way,Path,Lake Willie,50397,NY
PREM-52498173,2016-05-06,9210,Black Bear Road,,Lake Jamesmouth,78912,NY
PREM-39061728,2016-05-06,221,Fawn Meadow Lane,Views,Huntermouth,36974,NY
PREM-74820519,2016-05-06,719,Oakridge Lane,,Sheaton,69285,NY
PREM-85691324,2016-05-06,885,Mapleview Drive,Junctions,Nicoleside,93706,NY
PREM-21394057,2016-05-06,79779,Pinecrest Road,Prairie,East Douglas,52603,NY
PREM-46958032,2016-05-06,900,Willow Bend Street,Shore,Powellchester,76394,NY
PREM-58213490,2016-05-06,79814,Cedarbrook Avenue,Cove,Jordanview,40813,NY
PREM-31749862,2016-05-06,87291,Birchwood Court,,Bradleybury,28760,NY
PREM-94062718,2016-05-06,3855,Highland Terrace,,Josephhaven,67841,NY
PREM-10538279,2016-05-06,2315,Riverstone Lane,Trail,South Nataliefort,89570,NY
PREM-73601482,2016-05-06,97882,Sunset Ridge Drive,Crossing,Johnsonshire,14096,NY
PREM-49178520,2016-05-06,257,Lakeshore Boulevard,,Kevinfort,59648,NY
PREM-62830941,2016-05-06,99263,Hillcrest Avenue,Station,New Jennifer,82369,NY
PREM-37482096,2016-05-06,25,Meadowbrook Road,,New Colin,38605,NY
PREM-81942750,2016-05-06,27,Forest Glen Drive,Alley,Port Aprilfort,74150,NY
PREM-20395816,2016-05-06,2871,Silverleaf Court,,New Henryfurt,91820,NY
PREM-56742039,2016-05-06,68143,Redwood Street,,Port Tomfort,41503,NY
PREM-39271864,2016-05-06,6914,Autumn Ridge Lane,Hills,East Lynnbury,27845,NY
PREM-74105829,2016-05-06,6406,Whispering Pines Drive,,Kingside,64930,NY
PREM-60847231,2016-05-06,6425,Broadmoor Avenue,Ports,Danielleside,86721,NY
PREM-21530948,2016-05-06,41845,Golden Meadow Road,,Coxchester,13492,NY
PREM-89361742,2016-05-06,85680,Prairie View Drive,,Lake Jose,51263,NY
PREM-43029857,2016-05-06,44998,Brookstone Lane,Knoll,West Yesenia,79380,NY
PREM-57649108,2016-05-06,399,Valley Crest Drive,Burgs,Kevinport,35247,NY
PREM-30928416,2016-05-06,2421,Canyon Ridge Road,,South William,68139,NY
PREM-65472103,2016-05-06,2111,Elmwood Street,,New Tanner,93074,NY
PREM-19248576,2016-05-06,40671,Timberline Drive,Points,Valentinechester,52491,NY
PREM-87503921,2016-05-06,453,Creekside Court,,West Tammy,76905,NY
PREM-40861735,2016-05-06,32361,Snowberry Lane,,Riosstad,40768,NY
PREM-62319847,2016-05-06,372,Bluebird Way,Road,East Nathanielbury,29183,NY
PREM-34157029,2016-05-06,87556,Springwater Drive,Square,New Michaeltown,67502,NY
PREM-79042618,2016-05-06,892,Wildflower Road,,Mcgrathshire,89154,NY
PREM-15693824,2016-05-06,568,Cottonwood Lane,,Nelsonstad,14827,NY
PREM-48261395,2016-05-06,85540,Sunnybrook Drive,,East Amy,59862,NY
PREM-90573812,2016-05-06,55324,Hickory Ridge Road,,Jenniferstad,82471,NY
PREM-31754908,2016-05-06,1674,Pleasant Valley Drive,Mall,Thomasshire,37964,NY
PREM-68214093,2016-05-06,90121,Morningstar Lane,Highway,Port Susan,75148,NY
PREM-57420936,2016-05-06,2078,Greenbriar Court,Hills,South Christopher,91782,NY
PREM-21387954,2016-05-06,834,Misty Hollow Drive,,Tonyaview,41698,NY
PREM-49821637,2016-05-06,179,Magnolia Circle,,Lake Christopherchester,27360,NY
PREM-63109425,2016-05-06,643,Aspen View Drive,,North Alejandroside,64631,NY
PREM-37058149,2016-05-06,14983,Stonegate Road,Ville,Lake Jeremytown,86205,NY
PREM-85920413,2016-05-06,7101,Harvest Lane,Parkways,Foxbury,13978,NY
PREM-20479568,2016-05-06,34,Shady Grove Street,River,East Erik,50872,NY
PREM-76813042,2016-05-06,3014,Rolling Hills Drive,Ports,Port Robin,78216,NY
PREM-43509217,2016-05-06,142,Windmill Court,,Sandyborough,36085,NY
PREM-59271804,2016-05-06,411,Clearwater Drive,,Hicksborough,69530,NY
PREM-31046829,2016-05-06,91450,Fox Run Road,Roads,Cristianport,93642,NY
PREM-67423981,2016-05-06,42979,Silver Creek Lane,,Howardhaven,52896,NY
PREM-14852730,2016-05-06,478,Amberwood Street,,Reynoldsfort,76103,NY
PREM-80731629,2016-05-06,328,Briarwood Drive,Forest,New Rachel,41287,NY
PREM-26309457,2016-05-06,664,Sandstone Avenue,,Stevensonview,29856,NY
PREM-94075218,2016-05-06,802,Juniper Road,,Scotttown,67048,NY
PREM-51739402,2016-05-06,9096,Sycamore Street,Harbors,Tamaraside,89421,NY
PREM-38260147,2016-05-06,7403,Rosewood Lane,,Claytonview,14256,NY
PREM-76984510,2016-05-06,38,Crimson Leaf Drive,Road,North Chloe,59781,NY
PREM-42903718,2016-05-06,16331,Riverbend Road,,Kathyland,82145,NY
PREM-85621039,2016-05-06,697,Bayshore Avenue,Avenue,South Margaret,38371,NY
PREM-19347860,2016-05-06,4846,Mossy Oak Lane,,Hillborough,74521,NY
PREM-60498127,2016-05-06,7006,Goldenleaf Drive,Overpass,Braunville,91063,NY
PREM-27594018,2016-05-06,2376,Pine Canyon Road,,Christinetown,41896,NY
PREM-93047156,2016-05-06,238,Sapphire Ridge Drive,Drive,Brittanyside,27618,NY
PREM-14862579,2016-05-06,8564,Willow Creek Lane,Gateway,New Leah,63941,NY
PREM-58231704,2016-05-06,133,Ironwood Street,Loop,Alanfort,85429,NY
PREM-40196825,2016-05-06,7784,Stonemill Road,Drive,Josephfort,13150,NY
PREM-73604281,2016-05-06,5375,Eagle Ridge Drive,,Port Crystal,50368,NY
PREM-25938410,2016-05-06,8430,Hunters Trail Lane,Plains,Greenland,78964,NY
PREM-68915742,2016-05-06,4243,Summerfield Drive,Stravenue,Richardburgh,36592,NY
PREM-31497085,2016-05-06,5782,Northgate Road,Alley,Stephensside,69748,NY
PREM-90527136,2016-05-06,3111,Southridge Drive,Trace,Collinsland,94018,NY
PREM-47263180,2016-05-06,7393,Eastwood Lane,,Levimouth,57362,NY
PREM-15089342,2016-05-06,3670,Westhaven Drive,Way,Ralphfort,42819,NY
PREM-68750291,2016-05-06,905,Mountain View Road,,New Colleenchester,61047,NY
PREM-23841705,2016-05-06,1404,Crown Point Drive,Brooks,East Lisa,89315,NY
PREM-84190562,2016-05-06,8968,Hidden Valley Lane,,Beasleyshire,74186,NY
PREM-39624817,2016-05-06,8171,Maple Bend Street,Trail,Santanamouth,25039,NY
PREM-75210384,2016-05-06,3134,Woodland Ridge Drive,Wells,Gloverton,16284,NY
PREM-41568927,2016-05-06,513,Dove Creek Road,,Aguilarshire,70593,NY
PREM-62319408,2016-05-06,8732,Fernwood Lane,Viaduct,Juliashire,84620,NY
PREM-30147865,2016-05-06,99299,Orchard Hill Drive,Flat,New Michele,31907,NY
PREM-89025613,2016-05-06,9337,Lakeview Terrace,Underpass,Toddville,58427,NY
PREM-54781209,2016-05-06,1615,Greenfield Drive,,Alanborough,79651,NY
PREM-13296478,2016-05-06,695,Sunnyside Road,Park,Port Jessicamouth,23490,NY
PREM-76943012,2016-05-06,519,Crestwood Avenue,Mews,Stricklandfort,67284,NY
PREM-40821597,2016-05-06,13033,Shadowbrook Lane,Curve,Lake Sandra,90571,NY
PREM-59308241,2016-05-06,2624,Falling Waters Drive,,Brooksside,41352,NY
PREM-21476930,2016-05-06,100,Blue Ridge Road,Junctions,Cherylstad,80294,NY
PREM-68052719,2016-05-06,2066,Wildwood Lane,,Port Dennismouth,56941,NY
PREM-35149087,2016-05-06,879,Cardinal Drive,Expressway,Jonesville,75820,NY
PREM-97218406,2016-05-06,1383,Pecan Grove Road,,Katherinemouth,34109,NY
PREM-40617395,2016-05-06,936,Cedar Hollow Drive,Alley,North Nicholasberg,62073,NY
PREM-83721049,2016-05-06,6801,Woodlawn Avenue,,Port Brian,89453,NY
PREM-19508642,2016-05-06,230,Broadview Road,Meadow,Evansberg,21536,NY
PREM-57432018,2016-05-06,39390,Autumn View Drive,Stravenue,Josephshire,78024,NY
PREM-68249105,2016-05-06,8549,Silver Oak Lane,,Campbelltown,43968,NY
PREM-32075498,2016-05-06,1181,Sunrise Valley Drive,Spurs,Andersonland,50712,NY
PREM-95142607,2016-05-06,9740,Meadowlark Road,Lodge,East Danielleberg,93251,NY
PREM-47890312,2016-05-06,33930,Briar Patch Lane,Spurs,Lake Sheritown,16490,NY
PREM-63521809,2016-05-06,3811,Fox Hollow Drive,,Trevinochester,58036,NY
PREM-24956173,2016-05-06,9147,Stonebridge Street,,South Nicoleburgh,74195,NY
PREM-80714392,2016-05-06,8536,Lone Pine Road,Landing,South Taylorport,26841,NY
PREM-36290518,2016-05-06,1919,Gentle Brook Lane,Lock,West Alan,60357,NY
PREM-79421063,2016-05-06,69270,Brookhaven Drive,Stravenue,Robertfurt,84519,NY
PREM-41597328,2016-05-06,832,Willow Trace Road,Key,Allisonchester,21048,NY
PREM-62849103,2016-05-06,476,Cedar Creek Lane,,North Tracytown,76948,NY
PREM-30185247,2016-05-06,67497,Valley View Drive,,Port Paulburgh,32410,NY
PREM-85694017,2016-05-06,794,Sunbrook Court,,North Ann,51896,NY
PREM-27301594,2016-05-06,39,Oak Meadow Lane,,Carolynbury,68704,NY
PREM-94162850,2016-05-06,10103,Hidden Creek Road,Pike,Port Jasonhaven,95031,NY
PREM-51730498,2016-05-06,3933,Falcon Ridge Drive,Grove,North Anthonyburgh,47285,NY
PREM-38421967,2016-05-06,286,Crescent Hill Lane,,North Lisa,63159,NY
PREM-76253041,2016-05-06,2975,Ridgewood Drive,Plains,Watsonfurt,20863,NY
PREM-42918507,2016-05-06,389,Silver Maple Road,,South Matthew,79420,NY
PREM-89564012,2016-05-06,3030,Hilltop Avenue,,New Crystalbury,35691,NY
PREM-13607258,2016-05-06,515,Sapphire Lane,,Lake Nicholas,68275,NY
PREM-60497531,2016-05-06,5926,Morning Mist Drive,,West Bobbyville,91537,NY
PREM-28164907,2016-05-06,57,Cedar Ridge Road,Mill,Courtneyberg,47052,NY
PREM-93740285,2016-05-06,1606,River Park Drive,,East Aprilmouth,53892,NY
PREM-15208649,2016-05-06,6778,Wildflower Court,Crossing,Lake Staceyberg,62419,NY
PREM-57943128,2016-05-06,413,Canyon View Lane,Ville,Ericaview,79083,NY
PREM-40396712,2016-05-06,16959,Snowberry Road,Estate,Lawrenceborough,45120,NY
PREM-78612035,2016-05-06,1118,Brookfield Drive,Skyway,Port Judy,69801,NY
PREM-36289407,2016-05-06,5031,Vineyard Lane,,Tylerbury,24739,NY
PREM-69501728,2016-05-06,849,Lighthouse Road,Glen,Port Diana,17584,NY
PREM-93124650,2016-05-06,195,Ocean Breeze Drive,,South Dwayne,80213,NY
PREM-52408319,2016-05-06,577,Harbor View Lane,Extension,Michaeltown,95384,NY
PREM-76859104,2016-05-06,4736,Pelican Point Drive,,South Jeffery,64053,NY
PREM-41237905,2016-05-06,982,Driftwood Court,,North Marc,52801,NY
PREM-29048673,2016-05-06,20593,Seaside Boulevard,,Perrytown,31675,NY
PREM-67350218,2016-05-06,4639,Sunset Bay Drive,,South Richard,78019,NY
PREM-89417502,2016-05-06,544,Coral Ridge Road,,Port Andrew,49268,NY
PREM-14582679,2016-05-06,580,Palm Crest Lane,Alley,Lake Victoria,86140,NY
PREM-59834201,2016-05-06,810,Tropical Breeze Drive,Parks,Jasontown,35017,NY
PREM-82194036,2016-05-06,187,Mariner's Cove Road,,West Michaelland,71925,NY
PREM-37951428,2016-05-06,1282,Harbor Lane,,Port Tonyatown,40527,NY
PREM-75103649,2016-05-06,26843,Coral Reef Drive,,Franciscoshire,93801,NY
PREM-91728450,2016-05-06,740,Seaview Avenue,Meadows,New Josephchester,56743,NY
PREM-41609328,2016-05-06,3818,Sandy Beach Road,,West George,82039,NY
PREM-27361509,2016-05-06,644,Ocean Crest Drive,Cliff,East Leahview,29375,NY
PREM-64697230,2016-05-06,63825,Windward Lane,,Martinmouth,61092,NY
PREM-86240519,2016-05-06,1151,Sandpiper Road,,Port Michaelstad,75408,NY
PREM-13794682,2016-05-06,9141,Coastal Ridge Drive,Pass,North Jillianport,14986,NY
PREM-50871329,2016-05-06,44034,Bluewater Boulevard,,South Troy,58240,NY
PREM-78264931,2016-05-06,23786,Dune Grass Lane,,Garciaborough,76192,NY
PREM-36059147,2016-05-06,40549,Starfish Drive,,Joseburgh,43085,NY
PREM-69503812,2016-05-06,96496,Pelican Bay Road,,South Latoya,69852,NY
PREM-93652107,2016-05-06,4820,Marina Point Drive,,Sullivanberg,24751,NY
PREM-52894136,2016-05-06,878,Cliffside Lane,,West Dylanfurt,90314,NY
PREM-76103492,2016-05-06,1648,Beachfront Drive,Branch,Mclaughlinburgh,56827,NY
PREM-41287506,2016-05-06,984,Gull Haven Road,,East Heidiport,81492,NY
PREM-29856147,2016-05-06,142,Palm Grove Drive,Track,West Brian,39276,NY
PREM-67048215,2016-05-06,2915,Surfside Boulevard,,Jamesland,67518,NY
PREM-89421375,2016-05-06,82777,Coastline Drive,,East Bryanmouth,25961,NY
PREM-14256098,2016-05-06,587,Bay Breeze Lane,,Port Cameron,70834,NY
PREM-59781324,2016-05-06,65843,Sand Dune Road,,Halemouth,94127,NY
PREM-82145970,2016-05-06,625,Horizon View Lane,Mountain,North William,52647,NY
PREM-38371045,2016-05-06,258,Meridian Drive,,South Robertview,31978,NY
PREM-74521869,2016-05-06,706,Compass Point Lane,Pass,Bethberg,76405,NY
PREM-91063752,2016-05-06,63683,Anchorage Road,,Aimeeside,40729,NY
PREM-41896527,2016-05-06,75667,Portside Drive,,Tracystad,29164,NY
PREM-27618493,2016-05-06,2556,Lighthouse Crest Lane,Point,West Garrett,68253,NY
PREM-63941287,2016-05-06,73203,Island View Road,,West Brianside,89521,NY
PREM-85429160,2016-05-06,79388,Shoreline Drive,,Coxmouth,14380,NY
PREM-13150769,2016-05-06,2975,Deepwater Lane,,Davidsonmouth,50794,NY
PREM-50368219,2016-05-06,485,Admiral’s Way,Roads,New Olivialand,71863,NY
PREM-78964021,2016-05-06,4500,Seafarer Road,,Port Carlos,25607,NY
PREM-36592074,2016-05-06,51626,Old Harbor Lane,,New Shannonfurt,60314,NY
PREM-69748351,2016-05-06,4584,Bayview Terrace,Run,Kaisershire,84975,NY
PREM-94018675,2016-05-06,550,Ocean Mist Drive,,Websterview,12058,NY
PREM-48291036,2016-05-06,30155,Crestwind Lane,,East Keith,76952,NY
PREM-59128407,2016-05-06,94326,Whitecap Road,Pine,Port Cynthiachester,34801,NY
PREM-30847195,2016-05-06,778,Harbor Breeze Drive,,Craigstad,51674,NY
PREM-76209413,2016-05-06,71083,Island Point Road,,Margaretshire,69805,NY
PREM-10492857,2016-05-06,79233,Cedar Bluff Drive,,New David,40721,NY
PREM-83926514,2016-05-06,967,Village Green Lane,,Brandymouth,28973,NY
PREM-27540198,2016-05-06,837,Homestead Road,Heights,Mccarthyshire,67201,NY
PREM-69023784,2016-05-06,1247,Old Mill Drive,,North Patrickfurt,89136,NY
PREM-15492837,2016-05-06,350,Iron Horse Road,,Rhondaburgh,14507,NY
PREM-48176029,2016-05-06,790,Rustic Meadow Lane,,Shelleyville,59623,NY
PREM-93047182,2016-05-06,911,Farmstead Drive,Throughway,Loganfurt,82357,NY
PREM-57281049,2016-05-06,736,Wagonwheel Road,Shore,New Kaylaberg,38194,NY
PREM-31490528,2016-05-06,291,Red Barn Lane,,East Danny,74205,NY
PREM-84621073,2016-05-06,14,Stablebrook Drive,,Paceberg,91843,NY
PREM-60573918,2016-05-06,7655,Grainfield Road,Center,West Jacobburgh,41602,NY
PREM-21748056,2016-05-06,6015,Harvest Bend Lane,,Robertsview,27385,NY
PREM-93816520,2016-05-06,28334,Cornflower Drive,Loop,Fitzgeraldburgh,64982,NY
PREM-46029781,2016-05-06,5646,Old Orchard Lane,,Rebekahshire,86705,NY
PREM-72190438,2016-05-06,13780,Country Crest Road,Drive,Pamelafort,13942,NY
PREM-58301749,2016-05-06,609,Hayfield Drive,,Port Rhondashire,50817,NY
PREM-40982136,2016-05-06,635,Millhouse Lane,,Lucerochester,78243,NY
PREM-67205914,2016-05-06,330,Barnwood Road,Point,Brandonbury,36915,NY
PREM-31847025,2016-05-06,972,Shepherd’s Path,,East Paul,69240,NY
PREM-90523618,2016-05-06,1808,Orchard View Drive,,West Joseph,93478,NY
PREM-14286709,2016-05-06,581,Wild Apple Lane,Crescent,Russellshire,52619,NY
PREM-68729415,2016-05-06,39672,Pasture Ridge Drive,,West Briannabury,76301,NY
PREM-52498173,2016-05-06,9716,Fieldstone Road,Drive,Blairtown,40826,NY
PREM-39061728,2016-05-06,38226,Green Acres Lane,Burg,West Steven,28795,NY
PREM-74820519,2016-05-06,781,Old Country Road,,New Tamara,67859,NY
PREM-85691324,2016-05-06,6569,Harvest View Drive,,Clarkbury,89534,NY
PREM-21394057,2016-05-06,68570,Sunny Fields Lane,Vista,Robertsmouth,14058,NY
PREM-46958032,2016-05-06,713,Golden Corn Lane,,Lake Meganbury,59692,NY
PREM-58213490,2016-05-06,58446,Red Fox Road,Port,Joshuamouth,82017,NY
PREM-31749862,2016-05-06,46236,Thicket Grove Lane,,Juantown,38571,NY
PREM-94062718,2016-05-06,547,Forest Trail Road,,Simonmouth,74598,NY
PREM-10538279,2016-05-06,1280,Deep Woods Drive,,Benjaminland,91057,NY
PREM-73601482,2016-05-06,4429,Winterberry Way,,Simmonsmouth,41822,NY
PREM-49178520,2016-05-06,40118,Black Bear Road,,Michaelside,27634,NY
PREM-62830941,2016-05-06,9545,Fawn Meadow Lane,,Amyhaven,63978,NY
PREM-37482096,2016-05-06,3575,Whitetail Drive,,North Jennifer,85412,NY
PREM-81942750,2016-05-06,581,Rustic Pine Road,,Ryanfort,13074,NY
PREM-20395816,2016-05-06,3330,Lone Bear Lane,Freeway,Port Daniel,50312,NY
PREM-56742039,2016-05-06,779,Hillside Trail,Highway,Garyview,78930,NY
PREM-39271864,2016-05-06,97250,Wolf Creek Road,Pike,Williamstown,36574,NY
PREM-74105829,2016-05-06,676,Mountain Pine Drive,,Martinberg,69702,NY
PREM-60847231,2016-05-06,9517,Hickory Summit Lane,,Brendafort,94057,NY
PREM-21530948,2016-05-06,7966,Eagle Trail Road,,Margarettown,52837,NY
PREM-89361742,2016-05-06,72882,Pioneer Ridge Drive,,Mollyfurt,76149,NY
PREM-43029857,2016-05-06,27509,Pine Bluff Road,,Meganchester,41205,NY
PREM-57649108,2016-05-06,60867,Timberfall Lane,,East Ashley,29847,NY
PREM-30928416,2016-05-06,3096,Granite Ridge Drive,Rapids,East Jerry,67012,NY
PREM-65472103,2016-05-06,56567,Rocky Summit Road,,Lake Jeremy,89468,NY
PREM-19248576,2016-05-06,123,Shadow Mountain Drive,Mills,Lake Adamborough,14273,NY
PREM-87503921,2016-05-06,4960,Aspen Meadows Lane,,Adamstad,59730,NY
PREM-40861735,2016-05-06,554,Silver Peak Road,,North Samanthabury,82169,NY
PREM-62319847,2016-05-06,571,Snowcap Drive,,West Mariah,38325,NY
PREM-34157029,2016-05-06,4202,Lone Mountain Road,,East Donaldville,74560,NY
PREM-79042618,2016-05-06,5655,Alpine Ridge Lane,,North Williamchester,91028,NY
PREM-15693824,2016-05-06,941,High Point Drive,,Raymouth,41854,NY
PREM-48261395,2016-05-06,869,Timber Ridge Road,,Ramseyton,27695,NY
PREM-90573812,2016-05-06,439,Deer Creek Lane,Walks,South Jeffrey,63904,NY
PREM-31754908,2016-05-06,3921,Timber Hollow Drive,,East Christopherland,85460,NY
PREM-68214093,2016-05-06,109,Glacier Ridge Road,Shore,Andrewchester,13198,NY
PREM-57420936,2016-05-06,722,Cold Springs Lane,,Yoderberg,50345,NY
PREM-21387954,2016-05-06,71781,Whisper Ridge Drive,,Greenton,78985,NY
PREM-49821637,2016-05-06,6668,Iron Peak Road,,North Brandon,36508,NY
PREM-63109425,2016-05-06,7726,Crystal Creek Lane,Tunnel,Lake Mandyport,69791,NY
PREM-37058149,2016-05-06,720,Northwoods Drive,,Newmanton,94005,NY
PREM-85920413,2016-05-06,4303,Stone Hollow Road,,Joneschester,52810,NY
PREM-20479568,2016-05-06,5235,Shorepine Lane,Estate,North Jessicaberg,76182,NY
PREM-76813042,2016-05-06,83,Red Hawk Road,,Rebeccaton,41239,NY
PREM-43509217,2016-05-06,37159,Black Oak Lane,Grove,Brendafurt,29803,NY
PREM-59271804,2016-05-06,29014,Twilight Ridge Drive,Row,East Bradley,67095,NY
PREM-31046829,2016-05-06,3007,Star Valley Lane,,Danielland,89402,NY
PREM-67423981,2016-05-06,40,Blue Horizon Drive,,Mullinsside,14215,NY
PREM-14852730,2016-05-06,954,Whispering Brook Lane,Drives,West Lucaschester,59794,NY
PREM-80731629,2016-05-06,175,Meadow Crest Drive,Dam,Melissatown,82103,NY
PREM-26309457,2016-05-06,432,Old Stone Road,Fork,West Gregory,38369,NY
PREM-94075218,2016-05-06,3794,Ridgehaven Court,,Wrightton,74504,NY
PREM-51739402,2016-05-06,7954,Brookside Lane,,Medinaport,91012,NY
PREM-38260147,2016-05-06,135,Lavender Hill Drive,,Port Jessicaville,41878,NY
PREM-76984510,2016-05-06,82769,Golden Elm Road,Forest,West Raymond,27658,NY
PREM-42903718,2016-05-06,62441,Maple Crest Drive,Plaza,Sharimouth,63990,NY
PREM-85621039,2016-05-06,91803,Sagebrush Lane,Ports,New Jacqueline,85473,NY
PREM-19347860,2016-05-06,53003,Rustling Oak Drive,,Port Danielton,13126,NY
PREM-60498127,2016-05-06,7502,River Birch Road,Ville,South Kimberlyland,50389,NY
PREM-27594018,2016-05-06,929,Morning View Lane,,Lake Hannah,78957,NY
PREM-93047156,2016-05-06,336,Hawthorne Circle,,New Peggyburgh,36530,NY
PREM-14862579,2016-05-06,37103,Elm Crest Drive,,Donnamouth,58291,NY
PREM-58231704,2016-05-06,47811,Willow Wind Lane,,North Elizabeth,74920,NY
PREM-40196825,2016-05-06,72715,Rose Crest Drive,Ville,Port Randall,10643,NY
PREM-73604281,2016-05-06,219,Foxglove Road,,Port Erin,96415,NY
PREM-25938410,2016-05-06,9784,Golden Willow Lane,,South Deborah,57864,NY
PREM-68915742,2016-05-06,6031,Lake Crest Drive,Street,Mariatown,82395,NY
PREM-31497085,2016-05-06,482,Stormcloud Road,Brook,Conradborough,49162,NY
PREM-90527136,2016-05-06,35902,Hazelwood Lane,Flats,South Keith,36041,NY
PREM-47263180,2016-05-06,6773,Wild Fern Drive,Plain,Scotttown,70695,NY
PREM-15089342,2016-05-06,24304,Bluebell Road,,South Charlesport,25830,NY
PREM-68750291,2016-05-06,934,Stonehaven Drive,,South Andrewhaven,81974,NY
PREM-23841705,2016-05-06,3308,Moonlight Ridge Lane,,Elizabethfurt,14796,NY
PREM-84190562,2016-05-06,77851,Misty Grove Drive,,Thompsonberg,60438,NY
PREM-39624817,2016-05-06,8424,Golden Sky Road,View,Flemingbury,93527,NY
PREM-75210384,2016-05-06,90268,Morning Glen Lane,,North Connie,71294,NY
PREM-41568927,2016-05-06,73,Maple Grove Court,Underpass,Hubbardhaven,58971,NY
PREM-62319408,2016-05-06,79366,Evergreen Crest Drive,Orchard,South Stacieland,27846,NY
PREM-30147865,2016-05-06,4085,Cotton Blossom Lane,Streets,South Jacob,64028,NY
PREM-89025613,2016-05-06,6720,Old Birch Road,Villages,Lake Elizabeth,85709,NY
PREM-54781209,2016-05-06,191,Timber Falls Drive,,East Leahmouth,13285,NY
PREM-13296478,2016-05-06,3048,Sunny Knoll Lane,,Sarahmouth,59247,NY
PREM-76943012,2016-05-06,20455,Cloudview Drive,Street,Kyleside,78451,NY
PREM-40821597,2016-05-06,36607,Emerald Hill Lane,,Chandlerstad,36187,NY
PREM-59308241,2016-05-06,768,Valley Forge Road,,Lake Melindaville,69852,NY
PREM-21476930,2016-05-06,1154,Sparrow Lane,,Port Williamberg,94076,NY
PREM-68052719,2016-05-06,6731,Clover Ridge Drive,Pike,Taylortown,52764,NY
PREM-35149087,2016-05-06,77284,Suncrest Road,,New Tracy,76839,NY
PREM-97218406,2016-05-06,723,Thunder Ridge Drive,Passage,North Bridget,40596,NY
PREM-40617395,2016-05-06,32518,Old Timber Lane,,East William,29651,NY
PREM-83721049,2016-05-06,946,Winding Creek Road,Gardens,Stevenstad,67328,NY
PREM-19508642,2016-05-06,40114,Storm Ridge Drive,Lane,South Chelsea,89470,NY
PREM-57432018,2016-05-06,229,Wild Rose Lane,Garden,South Stacey,14598,NY
PREM-68249105,2016-05-06,8588,River Crest Drive,,Port Tom,50176,NY
PREM-32075498,2016-05-06,8893,Cobalt Ridge Road,Passage,South Sergioland,78326,NY
PREM-95142607,2016-05-06,918,Saddleback Lane,,Melissaside,36249,NY
PREM-47890312,2016-05-06,1465,Longleaf Drive,,North Seanton,69750,NY
PREM-63521809,2016-05-06,80764,Sunny Peak Road,,New Joseph,93012,NY
PREM-24956173,2016-05-06,66816,Old Canyon Lane,,New Jamesstad,51870,NY
PREM-80714392,2016-05-06,325,Hollow Brook Drive,Parks,Michelleberg,76481,NY
PREM-36290518,2016-05-06,351,Meadow Shore Lane,Mission,Singhhaven,40958,NY
PREM-79421063,2016-05-06,895,Ridgefield Road,,Lake Christopherstad,28460,NY
PREM-41597328,2016-05-06,6327,Wild Briar Lane,Freeway,New Williefurt,67514,NY
PREM-62849103,2016-05-06,3296,Starcrest Drive,,Thompsonborough,89246,NY
PREM-30185247,2016-05-06,34879,Riverview Terrace,,Port Teresa,14072,NY
PREM-85694017,2016-05-06,23869,Forest Crest Lane,Springs,Davisberg,59907,NY
PREM-27301594,2016-05-06,79,Hillstone Drive,,Shawnside,82153,NY
PREM-94162850,2016-05-06,20413,Prairie Run Road,,Princebury,38709,NY
PREM-51730498,2016-05-06,61637,Yellowstone Drive,Islands,Loveview,74691,NY
PREM-38421967,2016-05-06,68943,Crescent Valley Lane,Trafficway,Kevinborough,91358,NY
PREM-76253041,2016-05-06,9654,Sandalwood Drive,Mill,Hoffmanton,41096,NY
PREM-42918507,2016-05-06,26179,Ridgewalk Road,,Lake Brandonside,27948,NY
PREM-89564012,2016-05-06,771,Golden Brook Lane,,Jenniferfort,64807,NY
PREM-13607258,2016-05-06,249,Autumn Maple Drive,Drive,Michaelberg,86794,NY
PREM-60497531,2016-05-06,9159,Shady Ridge Lane,,Ashleyland,13079,NY
PREM-28164907,2016-05-06,9325,Fox Ridge Road,Orchard,New Matthewton,50738,NY
PREM-93740285,2016-05-06,82145,Pine Brook Lane,,Lake Dawn,78265,NY
PREM-15208649,2016-05-06,35321,Blossom Hill Drive,,Johnsonfurt,36194,NY
PREM-57943128,2016-05-06,843,Meadow Run Lane,,Daniellestad,69031,NY
PREM-40396712,2016-05-06,434,Riverwalk Road,Plains,Vazquezburgh,93421,NY
PREM-78612035,2016-05-06,7089,Cobblestone Drive,,Maryshire,52078,NY
PREM-36289407,2016-05-06,43032,Springbrook Lane,,Port Katherineview,76935,NY
PREM-69501728,2016-05-06,44434,Terrace Ridge Drive,,South Kathrynburgh,40287,NY
PREM-93124650,2016-05-06,147,Larkspur Road,Coves,West Molly,29861,NY
PREM-52408319,2016-05-06,1473,Blue Canyon Drive,Walk,Port Samuelberg,67195,NY
PREM-76859104,2016-05-06,18,Claystone Lane,Keys,North Jennifer,89647,NY
PREM-41237905,2016-05-06,978,Granite Creek Road,,Port Vanessamouth,14927,NY
PREM-29048673,2016-05-06,16222,Old Quarry Drive,,Castrotown,59360,NY
PREM-67350218,2016-05-06,90062,Valley Brook Lane,,New Shanetown,82931,NY
PREM-89417502,2016-05-06,315,White River Road,,East Douglas,37495,NY
PREM-14582679,2016-05-06,19515,Shadestone Drive,,Blackland,75280,NY
PREM-59834201,2016-05-06,821,Canyon Trail Lane,,Port Heather,91526,NY
PREM-82194036,2016-05-06,2052,Sage Valley Drive,,Spencerburgh,41860,NY
PREM-37951428,2016-05-06,8441,Stonewall Road,,East Brandon,27359,NY
PREM-75103649,2016-05-06,9883,Wild Creek Lane,,Kaitlynfort,64572,NY
PREM-91728450,2016-05-06,632,Brookcrest Drive,,Lake Reneestad,86294,NY
PREM-41609328,2016-05-06,878,Golden Peak Lane,,North Timothyton,13548,NY
PREM-27361509,2016-05-06,6585,Maple Ridge Court,,Port Jeffrey,50397,NY
PREM-64697230,2016-05-06,594,Laurel Brook Drive,,New Victoriashire,78912,NY
PREM-86240519,2016-05-06,34,Old Spring Road,,West Jennifer,36974,NY
PREM-13794682,2016-05-06,588,Woodland Terrace,,East Sharon,69285,NY
PREM-50871329,2016-05-06,1347,Hidden Peak Drive,,East Richardstad,93706,NY
PREM-78264931,2016-05-06,2074,Eagle Haven Lane,,Powersland,52603,NY
PREM-36059147,2016-05-06,5896,Rock Hollow Drive,Ferry,East Amber,76394,NY
PREM-69503812,2016-05-06,17329,Clearbrook Lane,,Scottbury,40813,NY
PREM-93652107,2016-05-06,74633,Silver Ridge Road,Drive,Knappmouth,28760,NY
PREM-52894136,2016-05-06,93962,Wild Sky Lane,,Howellburgh,67841,NY
PREM-76103492,2016-05-06,83017,Moonridge Drive,,Morrisborough,89570,NY
PREM-41287506,2016-05-06,1846,Fairview Road,,Port Teresa,14096,NY
PREM-29856147,2016-05-06,396,Evergreen Lane,,Lake Chelseafurt,59648,NY
PREM-67048215,2016-05-06,634,Frostwood Drive,,East Ivanville,82369,NY
PREM-89421375,2016-05-06,5205,Amber Ridge Road,Divide,Smithton,38605,NY
PREM-14256098,2016-05-06,66286,Crimson Ridge Lane,Points,Steventown,74150,NY
PREM-59781324,2016-05-06,4294,North Shore Drive,Summit,Kathrynbury,91820,NY
PREM-82145970,2016-05-06,3773,Cedar Lake Road,,Angiemouth,41503,NY
PREM-38371045,2016-05-06,1857,Crystal Springs Lane,Courts,Parsonstown,27845,NY
PREM-74521869,2016-05-06,6237,Windridge Drive,,Lake Joseph,64930,NY
PREM-91063752,2016-05-06,2973,Pine Meadows Lane,,New Anthonystad,86721,NY
PREM-41896527,2016-05-06,9568,Brightwater Road,,Cooperton,13492,NY
PREM-27618493,2016-05-06,302,Horizon Ridge Lane,,Perezton,51263,NY
PREM-63941287,2016-05-06,829,Harvest Moon Drive,,Lake Heather,79380,NY
PREM-85429160,2016-05-06,592,Starhaven Road,,Port Sarah,35247,NY
PREM-13150769,2016-05-06,96075,Timber Bend Lane,,Dannyberg,68139,NY
PREM-50368219,2016-05-06,1294,Hickory Hollow Drive,Wells,West Brendaland,93074,NY
PREM-78964021,2016-05-06,9984,Wintergreen Lane,Cape,Kristinborough,52491,NY
PREM-48291036,2016-05-06,7,Blue Sky Road,,New Vanessa,76905,NY
PREM-59128407,2016-05-06,378,Oakridge Lane,,Sierraport,40768,NY
PREM-30847195,2016-05-06,93001,Mapleview Drive,,South Yolandatown,29183,NY
PREM-76209413,2016-05-06,105,Pinecrest Road,Tunnel,Gilltown,67502,NY
PREM-10492857,2016-05-06,13498,Willow Bend Street,,Lake Amy,89154,NY
PREM-83926514,2016-05-06,97002,Cedarbrook Avenue,Road,Brianburgh,14827,NY
PREM-27540198,2016-05-06,4258,Birchwood Court,Fords,South Lisaland,59862,NY
PREM-69023784,2016-05-06,3909,Highland Terrace,,Williamsonborough,82471,NY
PREM-15492837,2016-05-06,6972,Riverstone Lane,,Hallshire,37964,NY
PREM-48176029,2016-05-06,437,Sunset Ridge Drive,Shores,Port Mary,75148,NY
PREM-93047182,2016-05-06,11771,Lakeshore Boulevard,Route,Kathrynport,91782,NY
PREM-57281049,2016-05-06,701,Hillcrest Avenue,,Feliciachester,41698,NY
PREM-31490528,2016-05-06,19012,Meadowbrook Road,Spring,East Nathanielberg,27360,NY
PREM-84621073,2016-05-06,2800,Forest Glen Drive,Plain,Lovehaven,64631,NY
PREM-60573918,2016-05-06,5448,Silverleaf Court,,Carolhaven,86205,NY
PREM-21748056,2016-05-06,6521,Redwood Street,Skyway,Hillchester,13978,NY
PREM-93816520,2016-05-06,4705,Autumn Ridge Lane,Lakes,South Michaelhaven,50872,NY
PREM-46029781,2016-05-06,7947,Whispering Pines Drive,Plains,Baileyland,78216,NY
PREM-72190438,2016-05-06,98106,Broadmoor Avenue,Trail,East Priscillachester,36085,NY
PREM-58301749,2016-05-06,5352,Golden Meadow Road,,Martinezberg,69530,NY
PREM-40982136,2016-05-06,9676,Prairie View Drive,Vista,Justinfort,93642,NY
PREM-67205914,2016-05-06,1349,Brookstone Lane,Forest,South Matthew,52896,NY
PREM-31847025,2016-05-06,97710,Valley Crest Drive,Dale,Smithfurt,76103,NY
PREM-90523618,2016-05-06,68024,Canyon Ridge Road,Ranch,North Michele,41287,NY
PREM-14286709,2016-05-06,2788,Elmwood Street,,Jamesbury,29856,NY
PREM-68729415,2016-05-06,9493,Timberline Drive,,Port Davidborough,67048,NY
PREM-52498173,2016-05-06,109,Creekside Court,,New Crystaltown,89421,NY
PREM-39061728,2016-05-06,7951,Snowberry Lane,,Greenville,14256,NY
PREM-74820519,2016-05-06,68927,Bluebird Way,Turnpike,South Steven,59781,NY
PREM-85691324,2016-05-06,55458,Springwater Drive,,Jenkinsview,82145,NY
PREM-21394057,2016-05-06,3661,Wildflower Road,,Franklinfort,38371,NY
PREM-46958032,2016-05-06,395,Cottonwood Lane,,Grosston,74521,NY
PREM-58213490,2016-05-06,3446,Sunnybrook Drive,,Nathanfurt,91063,NY
PREM-31749862,2016-05-06,448,Hickory Ridge Road,Spurs,West Susanborough,41896,NY
PREM-94062718,2016-05-06,36430,Pleasant Valley Drive,Stravenue,Flynnberg,27618,NY
PREM-10538279,2016-05-06,782,Morningstar Lane,,North Heatherville,63941,NY
PREM-73601482,2016-05-06,2795,Greenbriar Court,,Martineztown,85429,NY
PREM-49178520,2016-05-06,926,Misty Hollow Drive,,Johnsonland,13150,NY
PREM-62830941,2016-05-06,84976,Magnolia Circle,,Tiffanyborough,50368,NY
PREM-37482096,2016-05-06,79655,Aspen View Drive,,Loweryhaven,78964,NY
PREM-81942750,2016-05-06,8592,Stonegate Road,Coves,South Kaylafurt,36592,NY
PREM-20395816,2016-05-06,20685,Harvest Lane,Loop,North Donaldchester,69748,NY
PREM-56742039,2016-05-06,3013,Shady Grove Street,Underpass,Wilsonborough,94018,NY
PREM-39271864,2016-05-06,4144,Rolling Hills Drive,Isle,Ericastad,57362,NY
PREM-74105829,2016-05-06,112,Windmill Court,,South Patrick,42819,NY
PREM-60847231,2016-05-06,465,Clearwater Drive,,South Philip,61047,NY
PREM-21530948,2016-05-06,41079,Fox Run Road,,North Stevenfort,89315,NY
PREM-89361742,2016-05-06,379,Silver Creek Lane,,Wilsonfurt,74186,NY
PREM-43029857,2016-05-06,411,Amberwood Street,Lights,New Lindafurt,25039,NY
PREM-57649108,2016-05-06,45987,Briarwood Drive,Parks,South Sydney,16284,NY
PREM-30928416,2016-05-06,9978,Sandstone Avenue,Crossroad,Dianetown,70593,NY
PREM-65472103,2016-05-06,250,Juniper Road,,Theresafurt,84620,NY
PREM-19248576,2016-05-06,32063,Sycamore Street,Island,Richardport,31907,NY
PREM-87503921,2016-05-06,401,Rosewood Lane,,East David,58427,NY
PREM-40861735,2016-05-06,2487,Crimson Leaf Drive,,Warnerborough,79651,NY
PREM-62319847,2016-05-06,20377,Riverbend Road,,Port Robertstad,23490,NY
PREM-34157029,2016-05-06,961,Bayshore Avenue,,Port Brian,67284,NY
PREM-48291036,2016-05-06,451,Mossy Oak Lane,,Jonestown,90571,NY
PREM-59128407,2016-05-06,568,Goldenleaf Drive,,West Timhaven,41352,NY
PREM-30847195,2016-05-06,17362,Pine Canyon Road,,Josephborough,80294,NY
PREM-76209413,2016-05-06,4601,Sapphire Ridge Drive,,South Richard,56941,NY
PREM-10492857,2016-05-06,60352,Willow Creek Lane,Junction,East Kimberlyborough,75820,NY
PREM-83926514,2016-05-06,4143,Ironwood Street,,South Emma,34109,NY
PREM-27540198,2016-05-06,657,Stonemill Road,Tunnel,West Gregoryville,62073,NY
PREM-69023784,2016-05-06,3257,Eagle Ridge Drive,,Christinafurt,89453,NY
PREM-15492837,2016-05-06,6418,Hunters Trail Lane,,Mandystad,21536,NY
PREM-48176029,2016-05-06,2293,Summerfield Drive,,Russellstad,78024,NY
PREM-93047182,2016-05-06,3127,Northgate Road,,Port Marcus,43968,NY
PREM-57281049,2016-05-06,6218,Southridge Drive,,Cainmouth,50712,NY
PREM-31490528,2016-05-06,69484,Eastwood Lane,Tunnel,Garzatown,93251,NY
PREM-84621073,2016-05-06,83692,Westhaven Drive,,Tammytown,16490,NY
PREM-60573918,2016-05-06,959,Mountain View Road,Springs,Andersonmouth,58036,NY
PREM-21748056,2016-05-06,36,Crown Point Drive,,Leebury,74195,NY
PREM-93816520,2016-05-06,830,Hidden Valley Lane,,Reidville,26841,NY
PREM-46029781,2016-05-06,47170,Maple Bend Street,,Tiffanyview,60357,NY
PREM-72190438,2016-05-06,261,Woodland Ridge Drive,,North Rebeccaview,84519,NY
PREM-58301749,2016-05-06,249,Dove Creek Road,,South Shawn,21048,NY
PREM-40982136,2016-05-06,5535,Fernwood Lane,,South Lance,76948,NY
PREM-67205914,2016-05-06,70,Orchard Hill Drive,,Coreyland,32410,NY
PREM-31847025,2016-05-06,90325,Lakeview Terrace,Parks,Gonzalezport,51896,NY
PREM-90523618,2016-05-06,8229,Greenfield Drive,Well,New Rachelstad,68704,NY
PREM-14286709,2016-05-06,915,Sunnyside Road,,Markfort,95031,NY
PREM-68729415,2016-05-06,880,Crestwood Avenue,,North Corychester,47285,NY
PREM-52498173,2016-05-06,68910,Shadowbrook Lane,Ranch,Port Derrickside,63159,NY
PREM-39061728,2016-05-06,476,Falling Waters Drive,,Rodrigueztown,20863,NY
PREM-74820519,2016-05-06,4750,Blue Ridge Road,,Christianborough,79420,NY
PREM-85691324,2016-05-06,3985,Wildwood Lane,Way,South Justinview,35691,NY
PREM-21394057,2016-05-06,728,Cardinal Drive,Pine,West Jeffery,68275,NY
PREM-46958032,2016-05-06,889,Pecan Grove Road,,West Danielborough,91537,NY
PREM-58213490,2016-05-06,837,Cedar Hollow Drive,,West William,47052,NY
PREM-31749862,2016-05-06,3223,Woodlawn Avenue,Flat,New Neilfurt,53892,NY
PREM-94062718,2016-05-06,5654,Broadview Road,,Lake Ashleyfurt,62419,NY
PREM-10538279,2016-05-06,5092,Autumn View Drive,,Cohenberg,79083,NY
PREM-73601482,2016-05-06,27488,Silver Oak Lane,,Jeffreyfort,45120,NY
PREM-49178520,2016-05-06,5,Sunrise Valley Drive,,South Michael,69801,NY
PREM-62830941,2016-05-06,33570,Meadowlark Road,,New Elizabeth,24739,NY
PREM-37482096,2016-05-06,267,Briar Patch Lane,Wells,Lake Joy,17584,NY
PREM-81942750,2016-05-06,7386,Fox Hollow Drive,,Port Samantha,80213,NY
PREM-20395816,2016-05-06,2159,Stonebridge Street,,Lake Julia,95384,NY
PREM-56742039,2016-05-06,9781,Lone Pine Road,,East Nathan,64053,NY
PREM-39271864,2016-05-06,9763,Gentle Brook Lane,Villages,East Walter,52801,NY
PREM-74105829,2016-05-06,15477,Brookhaven Drive,Bypass,West Jonhaven,31675,NY
PREM-60847231,2016-05-06,381,Willow Trace Road,Ways,South Deborahside,78019,NY
PREM-21530948,2016-05-06,228,Cedar Creek Lane,,Natalietown,49268,NY
PREM-89361742,2016-05-06,1223,Valley View Drive,Overpass,New Christinaberg,86140,NY
PREM-43029857,2016-05-06,8431,Sunbrook Court,,West Krista,35017,NY
PREM-57649108,2016-05-06,2898,Oak Meadow Lane,,Brandonton,71925,NY
PREM-30928416,2016-05-06,578,Hidden Creek Road,Viaduct,New Sarahfurt,40527,NY
PREM-65472103,2016-05-06,842,Falcon Ridge Drive,,West Joseph,93801,NY
PREM-19248576,2016-05-06,114,Crescent Hill Lane,,Walkerland,56743,NY
PREM-87503921,2016-05-06,9927,Ridgewood Drive,Rapid,Robersonchester,82039,NY
PREM-40861735,2016-05-06,99279,Silver Maple Road,,Allenberg,29375,NY
PREM-62319847,2016-05-06,447,Hilltop Avenue,,West Rebeccaland,61092,NY
PREM-34157029,2016-05-06,66847,Sapphire Lane,Courts,South Judychester,75408,NY
PREM-79042618,2016-05-06,854,Morning Mist Drive,,West Walterville,14986,NY
PREM-15693824,2016-05-06,631,Cedar Ridge Road,,Ginaton,58240,NY
PREM-48261395,2016-05-06,7275,River Park Drive,Stream,Lopezborough,76192,NY
PREM-90573812,2016-05-06,5656,Wildflower Court,,Haynesshire,43085,NY
PREM-31754908,2016-05-06,819,Canyon View Lane,Path,Robertton,69852,NY
PREM-68214093,2016-05-06,442,Snowberry Road,,Angelamouth,24751,NY
PREM-57420936,2016-05-06,2066,Brookfield Drive,Springs,Smithport,90314,NY
PREM-21387954,2016-05-06,5436,Vineyard Lane,,South Tannerhaven,56827,NY
PREM-49821637,2016-05-06,336,Lighthouse Road,Locks,East Katelyn,81492,NY
PREM-63109425,2016-05-06,51585,Ocean Breeze Drive,,Port Gregory,39276,NY
PREM-37058149,2016-05-06,8290,Harbor View Lane,,New Leslie,67518,NY
PREM-85920413,2016-05-06,8895,Pelican Point Drive,,West Kimberly,25961,NY
PREM-20479568,2016-05-06,7107,Driftwood Court,,Greerville,70834,NY
PREM-76813042,2016-05-06,3036,Seaside Boulevard,Highway,Clarkview,94127,NY
PREM-43509217,2016-05-06,4217,Sunset Bay Drive,Path,North Denise,52647,NY
PREM-59271804,2016-05-06,820,Coral Ridge Road,,Kevinport,31978,NY
PREM-31046829,2016-05-06,583,Palm Crest Lane,,Williamsshire,76405,NY
PREM-67423981,2016-05-06,413,Tropical Breeze Drive,Street,Port Paula,40729,NY
PREM-14852730,2016-05-06,377,Mariner's Cove Road,,Powellchester,29164,NY
PREM-80731629,2016-05-06,9352,Harbor Lane,,Edwintown,68253,NY
PREM-26309457,2016-05-06,9269,Coral Reef Drive,,South Donnashire,89521,NY
PREM-94075218,2016-05-06,69677,Seaview Avenue,Plains,Beardburgh,14380,NY
PREM-51739402,2016-05-06,6451,Sandy Beach Road,,Kristinashire,50794,NY
PREM-38260147,2016-05-06,843,Ocean Crest Drive,,Christyview,71863,NY
PREM-76984510,2016-05-06,95774,Windward Lane,Haven,Lake Nicholasburgh,25607,NY
PREM-42903718,2016-05-06,705,Sandpiper Road,,Carlostown,60314,NY
PREM-85621039,2016-05-06,440,Coastal Ridge Drive,Ranch,Callahanfort,84975,NY
PREM-19347860,2016-05-06,5532,Bluewater Boulevard,,Port Linda,12058,NY
PREM-60498127,2016-05-06,59443,Dune Grass Lane,Via,South Lawrencefurt,76952,NY
PREM-27594018,2016-05-06,5061,Starfish Drive,,Taylormouth,34801,NY
PREM-93047156,2016-05-06,655,Pelican Bay Road,,Leblancport,51674,NY
PREM-14862579,2016-05-06,688,Marina Point Drive,Glens,Michaelview,69805,NY
PREM-58231704,2016-05-06,324,Cliffside Lane,,Brandonhaven,40721,NY
PREM-40196825,2016-05-06,9340,Beachfront Drive,,Andersonbury,28973,NY
PREM-73604281,2016-05-06,278,Gull Haven Road,Road,South Lisamouth,67201,NY
PREM-25938410,2016-05-06,93,Palm Grove Drive,,South Randystad,89136,NY
PREM-68915742,2016-05-06,8847,Surfside Boulevard,,Lake Lauren,14507,NY
PREM-31497085,2016-05-06,7374,Coastline Drive,Cliffs,New Erik,59623,NY
PREM-90527136,2016-05-06,22751,Bay Breeze Lane,,Courtneyberg,82357,NY
PREM-47263180,2016-05-06,2257,Sand Dune Road,,Lake Heiditown,38194,NY
PREM-15089342,2016-05-06,520,Horizon View Lane,,Jordanshire,74205,NY
PREM-48291036,2016-05-06,964,Meridian Drive,Run,Lake Alexis,91843,NY
PREM-59128407,2016-05-06,91523,Compass Point Lane,,Ericahaven,41602,NY
PREM-30847195,2016-05-06,3914,Anchorage Road,,North Ninafort,27385,NY
PREM-76209413,2016-05-06,84371,Portside Drive,,Thompsonmouth,64982,NY
PREM-10492857,2016-05-06,16640,Lighthouse Crest Lane,,Orrburgh,86705,NY
PREM-83926514,2016-05-06,32,Island View Road,,Lake Dianaside,13942,NY
PREM-27540198,2016-05-06,893,Shoreline Drive,,Lake Brianna,50817,NY
PREM-69023784,2016-05-06,4619,Deepwater Lane,,Gateston,78243,NY
PREM-15492837,2016-05-06,38987,Admiral’s Way,Landing,Whiteport,36915,NY
PREM-48176029,2016-05-06,77040,Seafarer Road,,South Samantha,69240,NY
PREM-93047182,2016-05-06,7908,Old Harbor Lane,Meadow,Reedhaven,93478,NY
PREM-57281049,2016-05-06,5986,Bayview Terrace,Neck,Oneillville,52619,NY
PREM-31490528,2016-05-06,320,Ocean Mist Drive,,Candiceland,76301,NY
PREM-84621073,2016-05-06,544,Crestwind Lane,Highway,Rickyport,40826,NY
PREM-60573918,2016-05-06,460,Whitecap Road,,Leonberg,28795,NY
PREM-21748056,2016-05-06,394,Harbor Breeze Drive,Parkway,Smithport,67859,NY
PREM-93816520,2016-05-06,38050,Island Point Road,Locks,Port Kristinland,89534,NY
PREM-46029781,2016-05-06,6392,Cedar Bluff Drive,,Jonesberg,14058,NY
PREM-72190438,2016-05-06,158,Village Green Lane,,Lake Kevinberg,59692,NY
PREM-58301749,2016-05-06,333,Homestead Road,,Steventown,82017,NY
PREM-40982136,2016-05-06,22,Old Mill Drive,,Transtad,38571,NY
PREM-67205914,2016-05-06,621,Iron Horse Road,Shoal,South Michelletown,74598,NY
PREM-31847025,2016-05-06,50737,Rustic Meadow Lane,Mission,North Cassandramouth,91057,NY
PREM-90523618,2016-05-06,3445,Farmstead Drive,,West Danielton,41822,NY
PREM-14286709,2016-05-06,283,Wagonwheel Road,Ports,West Denise,27634,NY
PREM-68729415,2016-05-06,73353,Red Barn Lane,,East Brooke,63978,NY
PREM-52498173,2016-05-06,8392,Stablebrook Drive,,Wilsonside,85412,NY
PREM-39061728,2016-05-06,142,Grainfield Road,,New Brittany,13074,NY
PREM-74820519,2016-05-06,49482,Harvest Bend Lane,,West Wendy,50312,NY
PREM-85691324,2016-05-06,918,Cornflower Drive,Throughway,South Sarah,78930,NY
PREM-21394057,2016-05-06,108,Old Orchard Lane,,Derrickshire,36574,NY
PREM-46958032,2016-05-06,9184,Country Crest Road,Coves,South Jordanville,69702,NY
PREM-58213490,2016-05-06,9139,Hayfield Drive,,Lake Bryanhaven,94057,NY
PREM-31749862,2016-05-06,8853,Millhouse Lane,Parks,Port Katrinahaven,52837,NY
PREM-94062718,2016-05-06,332,Barnwood Road,,Maryview,76149,NY
PREM-10538279,2016-05-06,1268,Shepherd’s Path,,New Jennifer,41205,NY
PREM-73601482,2016-05-06,6193,Orchard View Drive,Flats,Arthurfort,29847,NY
PREM-49178520,2016-05-06,450,Wild Apple Lane,,Sanchezborough,67012,NY
PREM-62830941,2016-05-06,787,Pasture Ridge Drive,Crossroad,Hallport,89468,NY
PREM-37482096,2016-05-06,8705,Fieldstone Road,,Russellstad,14273,NY
PREM-81942750,2016-05-06,7896,Green Acres Lane,,Kennethshire,59730,NY